{
	"format_version": "1.8.0",
	"animations": {
		"running": {
			"loop": true,
			"animation_length": 1.5,
			"bones": {
				"torso": {
					"rotation": {
						"0.0": {
							"vector": [3.97546, 15.09782, -1.6369]
						},
						"0.25": {
							"vector": [7.49923, 1.71705, -0.57805]
						},
						"0.75": {
							"vector": [1.48219, -14.8802, 1.64764]
						},
						"1.0": {
							"vector": [-0.00153, -1.56591, -1.1561]
						},
						"1.5": {
							"vector": [3.97546, 15.09782, -1.6369]
						}
					},
					"position": {
						"0.0": {
							"vector": [0, -1.2, 0]
						},
						"0.25": {
							"vector": [0, -2.2, 0]
						},
						"0.5": {
							"vector": [0, 0.8, 0]
						},
						"0.75": {
							"vector": [0, -1.2, 0]
						},
						"1.0": {
							"vector": [0, -2.2, 0]
						},
						"1.25": {
							"vector": [0, 1.3, 0]
						},
						"1.5": {
							"vector": [0, -1.2, 0]
						}
					}
				},
				"head": {
					"position": {
						"0.0": {
							"vector": [0, -1.3, -0.5]
						},
						"0.25": {
							"vector": [0, -2, -0.5]
						},
						"0.5": {
							"vector": [0, 0.35, -0.5]
						},
						"0.75": {
							"vector": [0, -1.3, -0.5]
						},
						"1.0": {
							"vector": [0, -2.2, -0.5]
						},
						"1.25": {
							"vector": [0, -0.25, -0.5]
						},
						"1.5": {
							"vector": [0, -1.3, -0.5]
						}
					}
				},
				"right_arm": {
					"rotation": {
						"0.0": {
							"vector": [-52.49592, 2.86527, 5.19934]
						},
						"0.75": {
							"vector": [56.93828, -9.51603, 7.92402]
						},
						"1.5": {
							"vector": [-52.49592, 2.86527, 5.19934]
						}
					},
					"position": {
						"0.0": {
							"vector": [0, -1, 0.5]
						},
						"0.25": {
							"vector": [0, -2.7, 0.47]
						},
						"0.5": {
							"vector": [0, 2.6, 0.43]
						},
						"0.75": {
							"vector": [0, 0, -0.5]
						},
						"1.0": {
							"vector": [0, -1.5, 0.04]
						},
						"1.25": {
							"vector": [0, 2, 0.57]
						},
						"1.5": {
							"vector": [0, -1, 0.5]
						}
					}
				},
				"left_arm": {
					"rotation": {
						"0.0": {
							"vector": [72.24364, 7.97561, -5.35973]
						},
						"0.75": {
							"vector": [-51.75599, -9.81493, -5.35973]
						},
						"1.5": {
							"vector": [72.24364, 7.97561, -5.35973]
						}
					},
					"position": {
						"0.0": {
							"vector": [0, -1, -0.5]
						},
						"0.25": {
							"vector": [0, -1.7, 0.03]
						},
						"0.5": {
							"vector": [0, 2.6, 0.57]
						},
						"0.75": {
							"vector": [0, -1, 0.5]
						},
						"1.0": {
							"vector": [0, -1.5, 0.46]
						},
						"1.25": {
							"vector": [0, 2, 0.43]
						},
						"1.5": {
							"vector": [0, -1, -0.5]
						}
					}
				},
				"left_leg": {
					"rotation": {
						"0.0": {
							"vector": [-37.5, 0, 0]
						},
						"0.75": {
							"vector": [69.93471, -0.66466, -1.60197]
						},
						"1.15": {
							"vector": [29.87629, 1.69981, 0.5238]
						},
						"1.5": {
							"vector": [-37.5, 0, 0]
						}
					},
					"position": {
						"0.0": {
							"vector": [0.3, -1, -1.8]
						},
						"0.25": {
							"vector": [0.23, 0, -0.27]
						},
						"0.4": {
							"vector": [0.2, 2, 0.5]
						},
						"0.75": {
							"vector": [0.3, -1, 2.5]
						},
						"1.15": {
							"vector": [0, 4.4, -4.88]
						},
						"1.5": {
							"vector": [0.3, -1, -1.8]
						}
					}
				},
				"right_leg": {
					"rotation": {
						"0.0": {
							"vector": [72.42776, 0.70742, 1.81562]
						},
						"0.4": {
							"vector": [27.5, 0, 0]
						},
						"0.75": {
							"vector": [-32.5, 0, 0]
						},
						"1.5": {
							"vector": [72.42776, 0.70742, 1.81562]
						}
					},
					"position": {
						"0.0": {
							"vector": [0, -1, 2.6]
						},
						"0.4": {
							"vector": [0, 4.33, -4.87]
						},
						"0.75": {
							"vector": [0, -1, -2.8]
						},
						"1.0": {
							"vector": [0, -0.15, -0.85]
						},
						"1.15": {
							"vector": [0, 1.33, 0.13]
						},
						"1.5": {
							"vector": [0, -1, 2.6]
						}
					}
				}
			}
		}
	},
	"geckolib_format_version": 2
}