{
	"format_version": "1.8.0",
	"animations": {
		"walking_backward": {
			"loop": true,
			"animation_length": 2.0044,
			"bones": {
				"torso": {
					"rotation": {
						"0.0": {
							"vector": [-5, 5, 0]
						},
						"1.0": {
							"vector": [-5.0023, -4.84886, -1.73415]
						},
						"2.0": {
							"vector": [-5, 5, 0]
						}
					},
					"position": {
						"0.0": {
							"vector": [0, -0.2, 1.5]
						},
						"0.3333": {
							"vector": [0, 0.8, 1.5]
						},
						"0.6667": {
							"vector": [0, -2.2, 1]
						},
						"1.0": {
							"vector": [0, -0.2, 1.5]
						},
						"1.3333": {
							"vector": [0, 0.8, 1.5]
						},
						"1.6533": {
							"vector": [0, -2.2, 1]
						},
						"2.0": {
							"vector": [0, -0.2, 1.5]
						}
					}
				},
				"head": {
					"position": {
						"0.0": {
							"vector": [0, -0.3, 1.5]
						},
						"0.3333": {
							"vector": [0.1, 0.85, 1.5]
						},
						"0.6667": {
							"vector": [0.2, -2, 1]
						},
						"1.0": {
							"vector": [0, -0.3, 1.5]
						},
						"1.3333": {
							"vector": [-0.07, 0.86, 1.5]
						},
						"1.6533": {
							"vector": [-0.13, -1.97, 1]
						},
						"2.0": {
							"vector": [0, -0.3, 1.5]
						}
					}
				},
				"right_arm": {
					"rotation": {
						"0.0": {
							"vector": [-39.89247, 3.21154, 3.83424]
						},
						"1.0": {
							"vector": [39.89247, -3.21154, 3.83424]
						},
						"1.4933": {
							"vector": [0, 0, 2.5]
						},
						"2.0": {
							"vector": [-39.89247, 3.21154, 3.83424]
						}
					},
					"position": {
						"0.0": {
							"vector": [0, 0, 1.5]
						},
						"0.3333": {
							"vector": [0, 0.5, 1.59]
						},
						"0.6667": {
							"vector": [0, -3, 0.67]
						},
						"1.0": {
							"vector": [0, 0, 1.5]
						},
						"1.3333": {
							"vector": [0, 1, 0.91]
						},
						"1.6533": {
							"vector": [0, -2, 0.33]
						},
						"2.0": {
							"vector": [0, 0, 1.5]
						}
					}
				},
				"left_arm": {
					"rotation": {
						"0.0": {
							"vector": [39.89247, 3.21154, -3.83424]
						},
						"0.4933": {
							"vector": [0, 0, -2.5]
						},
						"1.0": {
							"vector": [-39.89247, -3.21154, -3.83424]
						},
						"2.0": {
							"vector": [39.89247, 3.21154, -3.83424]
						}
					},
					"position": {
						"0.0": {
							"vector": [0, 0, 1.5]
						},
						"0.3333": {
							"vector": [0, 0.5, 1.92]
						},
						"0.6667": {
							"vector": [0, -3, 0.33]
						},
						"1.0": {
							"vector": [0, 0, 1.5]
						},
						"1.3333": {
							"vector": [0, 1, 1.59]
						},
						"1.6533": {
							"vector": [0, -2, 0.67]
						},
						"2.0": {
							"vector": [0, 0, 1.5]
						}
					}
				},
				"left_leg": {
					"rotation": {
						"0.0": {
							"vector": [-22.5, 0, 0]
						},
						"0.4933": {
							"vector": [9.86134, 1.00808, -2.5887]
						},
						"1.0": {
							"vector": [40, 0, 0]
						},
						"1.4933": {
							"vector": [0, 0, 0]
						},
						"2.0": {
							"vector": [-22.5, 0, 0]
						}
					},
					"position": {
						"0.0": {
							"vector": [0.3, 1, -0.8]
						},
						"0.4933": {
							"vector": [0.2, 2, -3.12]
						},
						"1.0": {
							"vector": [0.3, 0, 1.5]
						},
						"1.4933": {
							"vector": [0.2, 0, 0]
						},
						"2.0": {
							"vector": [0.3, 1, -0.8]
						}
					}
				},
				"right_leg": {
					"rotation": {
						"0.0": {
							"vector": [40, 0, 0]
						},
						"1.0": {
							"vector": [-27.5, 0, 0]
						},
						"1.4933": {
							"vector": [10, 0, 0]
						},
						"2.0": {
							"vector": [40, 0, 0]
						}
					},
					"position": {
						"0.0": {
							"vector": [0, 0, 1.6]
						},
						"1.0": {
							"vector": [0, 1, -0.8]
						},
						"1.4933": {
							"vector": [0, 2, -3.4]
						},
						"2.0": {
							"vector": [0, 0, 1.6]
						}
					}
				},
				"body": {
					"position": {
						"0.0": {
							"vector": [0, -1.5, 0]
						},
						"0.4933": {
							"vector": [0, -0.55, 0]
						},
						"0.7467": {
							"vector": [0, -0.58, 0]
						},
						"1.0": {
							"vector": [0, -1.6, 0]
						},
						"1.2533": {
							"vector": [0, -0.25, 0]
						},
						"1.4933": {
							"vector": [0, 0.05, 0]
						},
						"1.7467": {
							"vector": [0, -0.08, 0]
						},
						"2.0": {
							"vector": [0, -1.5, 0]
						}
					}
				}
			}
		},
		"walking_backwards": {
			"loop": true,
			"animation_length": 3.0145,
			"bones": {
				"torso": {
					"rotation": {
						"0.0": {
							"vector": [-5, 5, 0]
						},
						"1.5072": {
							"vector": [-5.0023, -4.84886, -1.73415]
						},
						"3.0145": {
							"vector": [-5, 5, 0]
						}
					},
					"position": {
						"0.0": {
							"vector": [0, -0.2, 1.5]
						},
						"0.5024": {
							"vector": [0, 0.8, 1.5]
						},
						"1.0048": {
							"vector": [0, -2.2, 1]
						},
						"1.5072": {
							"vector": [0, -0.2, 1.5]
						},
						"2.0096": {
							"vector": [0, 0.8, 1.5]
						},
						"2.492": {
							"vector": [0, -2.2, 1]
						},
						"3.0145": {
							"vector": [0, -0.2, 1.5]
						}
					}
				},
				"head": {
					"position": {
						"0.0": {
							"vector": [0, -0.3, 1.5]
						},
						"0.5024": {
							"vector": [0.1, 0.85, 1.5]
						},
						"1.0048": {
							"vector": [0.2, -2, 1]
						},
						"1.5072": {
							"vector": [0, -0.3, 1.5]
						},
						"2.0096": {
							"vector": [-0.07, 0.86, 1.5]
						},
						"2.492": {
							"vector": [-0.13, -1.97, 1]
						},
						"3.0145": {
							"vector": [0, -0.3, 1.5]
						}
					}
				},
				"right_arm": {
					"rotation": {
						"0.0": {
							"vector": [-39.89247, 3.21154, 3.83424]
						},
						"1.5072": {
							"vector": [39.89247, -3.21154, 3.83424]
						},
						"2.2508": {
							"vector": [0, 0, 2.5]
						},
						"3.0145": {
							"vector": [-39.89247, 3.21154, 3.83424]
						}
					},
					"position": {
						"0.0": {
							"vector": [0, 0, 1.5]
						},
						"0.5024": {
							"vector": [0, 0.5, 1.59]
						},
						"1.0048": {
							"vector": [0, -3, 0.67]
						},
						"1.5072": {
							"vector": [0, 0, 1.5]
						},
						"2.0096": {
							"vector": [0, 1, 0.91]
						},
						"2.492": {
							"vector": [0, -2, 0.33]
						},
						"3.0145": {
							"vector": [0, 0, 1.5]
						}
					}
				},
				"left_arm": {
					"rotation": {
						"0.0": {
							"vector": [39.89247, 3.21154, -3.83424]
						},
						"0.7436": {
							"vector": [0, 0, -2.5]
						},
						"1.5072": {
							"vector": [-39.89247, -3.21154, -3.83424]
						},
						"3.0145": {
							"vector": [39.89247, 3.21154, -3.83424]
						}
					},
					"position": {
						"0.0": {
							"vector": [0, 0, 1.5]
						},
						"0.5024": {
							"vector": [0, 0.5, 1.92]
						},
						"1.0048": {
							"vector": [0, -3, 0.33]
						},
						"1.5072": {
							"vector": [0, 0, 1.5]
						},
						"2.0096": {
							"vector": [0, 1, 1.59]
						},
						"2.492": {
							"vector": [0, -2, 0.67]
						},
						"3.0145": {
							"vector": [0, 0, 1.5]
						}
					}
				},
				"left_leg": {
					"rotation": {
						"0.0": {
							"vector": [-22.5, 0, 0]
						},
						"0.7436": {
							"vector": [9.86134, 1.00808, -2.5887]
						},
						"1.5072": {
							"vector": [40, 0, 0]
						},
						"2.2508": {
							"vector": [0, 0, 0]
						},
						"3.0145": {
							"vector": [-22.5, 0, 0]
						}
					},
					"position": {
						"0.0": {
							"vector": [0.3, -0.5, -0.8]
						},
						"0.7436": {
							"vector": [0.2, 2, -3.12]
						},
						"1.5072": {
							"vector": [0.3, -1.5, 1.5]
						},
						"2.2508": {
							"vector": [0.2, 0, 0]
						},
						"3.0145": {
							"vector": [0.3, -0.5, -0.8]
						}
					}
				},
				"right_leg": {
					"rotation": {
						"0.0": {
							"vector": [40, 0, 0]
						},
						"1.5072": {
							"vector": [-27.5, 0, 0]
						},
						"2.2508": {
							"vector": [10, 0, 0]
						},
						"3.0145": {
							"vector": [40, 0, 0]
						}
					},
					"position": {
						"0.0": {
							"vector": [0, -1.5, 1.6]
						},
						"0.7436": {
							"vector": [0, 0.24, 0.42]
						},
						"1.5072": {
							"vector": [0, -0.5, -0.8]
						},
						"2.2508": {
							"vector": [0, 2, -3.4]
						},
						"3.0145": {
							"vector": [0, -1.5, 1.6]
						}
					}
				}
			}
		}
	},
	"geckolib_format_version": 2
}