{
	"credit": "Made with Blockbench",
	"ambientocclusion": false,
	"textures": {
		"4": "block/redstone_flame",
		"slab": "block/smooth_stone",
		"particle": "block/comparator",
		"top": "block/comparator",
		"unlit": "block/redstone_torch_off",
		"lit": "block/redstone_torch"
	},
	"elements": [
		{
			"from": [0, 0, 0],
			"to": [16, 2, 16],
			"faces": {
				"north": {"uv": [0, 14, 16, 16], "texture": "#slab", "cullface": "north"},
				"east": {"uv": [0, 14, 16, 16], "texture": "#slab", "cullface": "east"},
				"south": {"uv": [0, 14, 16, 16], "texture": "#slab", "cullface": "south"},
				"west": {"uv": [0, 14, 16, 16], "texture": "#slab", "cullface": "west"},
				"up": {"uv": [0, 0, 16, 16], "texture": "#top"},
				"down": {"uv": [0, 0, 16, 16], "texture": "#slab", "cullface": "down"}
			}
		},
		{
			"from": [0, 1, 4.1],
			"to": [16, 17, 4.1],
			"rotation": {"angle": 0, "axis": "y", "origin": [0, 1, 4]},
			"faces": {
				"north": {"uv": [0, 0, 16, 16], "texture": "#4"},
				"east": {"uv": [0, 0, 0, 10], "texture": "#4"},
				"south": {"uv": [0, 0, 16, 16], "texture": "#4"},
				"west": {"uv": [0, 0, 0, 10], "texture": "#4"},
				"up": {"uv": [8, 0, 0, 0], "texture": "#4"},
				"down": {"uv": [8, 0, 0, 0], "texture": "#4"}
			}
		},
		{
			"from": [0, 1, 1.9],
			"to": [16, 17, 1.9],
			"rotation": {"angle": 0, "axis": "y", "origin": [0, 1, 2]},
			"faces": {
				"north": {"uv": [0, 0, 16, 16], "texture": "#4"},
				"east": {"uv": [0, 0, 0, 10], "texture": "#4"},
				"south": {"uv": [0, 0, 16, 16], "texture": "#4"},
				"west": {"uv": [0, 0, 0, 10], "texture": "#4"},
				"up": {"uv": [8, 0, 0, 0], "texture": "#4"},
				"down": {"uv": [8, 0, 0, 0], "texture": "#4"}
			}
		},
		{
			"from": [9.1, 1, -5],
			"to": [9.1, 17, 11],
			"rotation": {"angle": 0, "axis": "y", "origin": [9, 6, -1]},
			"faces": {
				"north": {"uv": [0, 0, 0, 10], "texture": "#4"},
				"east": {"uv": [0, 0, 16, 16], "texture": "#4"},
				"south": {"uv": [0, 0, 0, 10], "texture": "#4"},
				"west": {"uv": [0, 0, 16, 16], "texture": "#4"},
				"up": {"uv": [0, 8, 0, 0], "texture": "#4"},
				"down": {"uv": [0, 0, 0, 8], "texture": "#4"}
			}
		},
		{
			"from": [6.9, 1, -5],
			"to": [6.9, 17, 11],
			"rotation": {"angle": 0, "axis": "y", "origin": [7, 6, -1]},
			"faces": {
				"north": {"uv": [0, 0, 0, 10], "texture": "#4"},
				"east": {"uv": [0, 0, 16, 16], "texture": "#4"},
				"south": {"uv": [0, 0, 0, 10], "texture": "#4"},
				"west": {"uv": [0, 0, 16, 16], "texture": "#4"},
				"up": {"uv": [0, 8, 0, 0], "texture": "#4"},
				"down": {"uv": [0, 0, 0, 8], "texture": "#4"}
			}
		},
		{
			"from": [10, 2, 11],
			"to": [12, 7, 13],
			"rotation": {"angle": 0, "axis": "y", "origin": [10, 2, 11]},
			"faces": {
				"north": {"uv": [8, 5, 9, 7.5], "texture": "#unlit"},
				"east": {"uv": [8, 5, 9, 7.5], "texture": "#unlit"},
				"south": {"uv": [8, 5, 9, 7.5], "texture": "#unlit"},
				"west": {"uv": [8, 5, 9, 7.5], "texture": "#unlit"},
				"up": {"uv": [8, 5, 9, 6], "texture": "#unlit"},
				"down": {"uv": [8, 9, 9, 10], "texture": "#unlit"}
			}
		},
		{
			"from": [4, 2, 11],
			"to": [6, 7, 13],
			"rotation": {"angle": 0, "axis": "y", "origin": [4, 2, 11]},
			"faces": {
				"north": {"uv": [8, 5, 9, 7.5], "texture": "#unlit"},
				"east": {"uv": [8, 5, 9, 7.5], "texture": "#unlit"},
				"south": {"uv": [8, 5, 9, 7.5], "texture": "#unlit"},
				"west": {"uv": [8, 5, 9, 7.5], "texture": "#unlit"},
				"up": {"uv": [8, 5, 9, 6], "texture": "#unlit"},
				"down": {"uv": [8, 9, 9, 10], "texture": "#unlit"}
			}
		},
		{
			"from": [7, 2, 2],
			"to": [9, 4, 4],
			"faces": {
				"north": {"uv": [8, 5, 9, 6], "texture": "#lit"},
				"east": {"uv": [8, 5, 9, 6], "texture": "#lit"},
				"south": {"uv": [8, 5, 9, 6], "texture": "#lit"},
				"west": {"uv": [8, 5, 9, 6], "texture": "#lit"},
				"up": {"uv": [8, 5, 9, 6], "texture": "#lit"},
				"down": {"uv": [8, 5, 9, 6], "texture": "#lit"}
			}
		}
	],
	"groups": [
		0,
		{
			"name": "comp",
			"origin": [10, 2, 11],
			"color": 0,
			"children": [
				{
					"name": "group",
					"origin": [4, 6, 8],
					"color": 0,
					"children": [1, 2, 3, 4]
				},
				5,
				6,
				7
			]
		}
	]
}