{
	"credit": "Made with Blockbench",
	"ambientocclusion": false,
	"textures": {
		"4": "block/redstone_torch_off",
		"slab": "block/smooth_stone",
		"particle": "block/comparator",
		"top": "block/comparator"
	},
	"elements": [
		{
			"from": [0, 0, 0],
			"to": [16, 2, 16],
			"faces": {
				"north": {"uv": [0, 14, 16, 16], "texture": "#slab", "cullface": "north"},
				"east": {"uv": [0, 14, 16, 16], "texture": "#slab", "cullface": "east"},
				"south": {"uv": [0, 14, 16, 16], "texture": "#slab", "cullface": "south"},
				"west": {"uv": [0, 14, 16, 16], "texture": "#slab", "cullface": "west"},
				"up": {"uv": [0, 0, 16, 16], "texture": "#top"},
				"down": {"uv": [0, 0, 16, 16], "texture": "#slab", "cullface": "down"}
			}
		},
		{
			"from": [4, 2, 11],
			"to": [6, 7, 13],
			"faces": {
				"north": {"uv": [8, 5, 9, 7.5], "texture": "#4"},
				"east": {"uv": [8, 5, 9, 7.5], "texture": "#4"},
				"south": {"uv": [8, 5, 9, 7.5], "texture": "#4"},
				"west": {"uv": [8, 5, 9, 7.5], "texture": "#4"},
				"up": {"uv": [8, 5, 9, 6], "texture": "#4"},
				"down": {"uv": [8, 9, 9, 10], "texture": "#4"}
			}
		},
		{
			"from": [10, 2, 11],
			"to": [12, 7, 13],
			"faces": {
				"north": {"uv": [8, 5, 9, 7.5], "texture": "#4"},
				"east": {"uv": [8, 5, 9, 7.5], "texture": "#4"},
				"south": {"uv": [8, 5, 9, 7.5], "texture": "#4"},
				"west": {"uv": [8, 5, 9, 7.5], "texture": "#4"},
				"up": {"uv": [8, 5, 9, 6], "texture": "#4"},
				"down": {"uv": [8, 9, 9, 10], "texture": "#4"}
			}
		},
		{
			"from": [7, 2, 2],
			"to": [9, 4, 4],
			"faces": {
				"north": {"uv": [8, 5, 9, 6], "texture": "#4"},
				"east": {"uv": [8, 5, 9, 6], "texture": "#4"},
				"south": {"uv": [8, 5, 9, 6], "texture": "#4"},
				"west": {"uv": [8, 5, 9, 6], "texture": "#4"},
				"up": {"uv": [8, 5, 9, 6], "texture": "#4"},
				"down": {"uv": [8, 9, 9, 10], "texture": "#4"}
			}
		}
	]
}