{
	"credit": "Made with Blockbench",
	"texture_size": [32, 32],
	"textures": {
		"1": "block/redstone_torch",
		"2": "block/redstone_flame",
		"particle": "block/redstone_torch"
	},
	"elements": [
		{
			"from": [0, 7, 9.1],
			"to": [16, 23, 9.1],
			"rotation": {"angle": 0, "axis": "y", "origin": [0, 7, 9]},
			"faces": {
				"north": {"uv": [0, 0, 16, 16], "texture": "#2"},
				"east": {"uv": [0, 0, 0, 5], "texture": "#2"},
				"south": {"uv": [0, 0, 16, 16], "texture": "#2"},
				"west": {"uv": [0, 0, 0, 5], "texture": "#2"},
				"up": {"uv": [4, 0, 0, 0], "texture": "#2"},
				"down": {"uv": [4, 0, 0, 0], "texture": "#2"}
			}
		},
		{
			"from": [0, 7, 6.9],
			"to": [16, 23, 6.9],
			"rotation": {"angle": 0, "axis": "y", "origin": [0, 7, 7]},
			"faces": {
				"north": {"uv": [0, 0, 16, 16], "texture": "#2"},
				"east": {"uv": [0, 0, 0, 5], "texture": "#2"},
				"south": {"uv": [0, 0, 16, 16], "texture": "#2"},
				"west": {"uv": [0, 0, 0, 5], "texture": "#2"},
				"up": {"uv": [4, 0, 0, 0], "texture": "#2"},
				"down": {"uv": [4, 0, 0, 0], "texture": "#2"}
			}
		},
		{
			"from": [9.1, 7, 0],
			"to": [9.1, 23, 16],
			"rotation": {"angle": 0, "axis": "y", "origin": [9, 12, 4]},
			"faces": {
				"north": {"uv": [0, 0, 0, 5], "texture": "#2"},
				"east": {"uv": [0, 0, 16, 16], "texture": "#2"},
				"south": {"uv": [0, 0, 0, 5], "texture": "#2"},
				"west": {"uv": [0, 0, 16, 16], "texture": "#2"},
				"up": {"uv": [0, 4, 0, 0], "texture": "#2"},
				"down": {"uv": [0, 0, 0, 4], "texture": "#2"}
			}
		},
		{
			"from": [6.9, 7, 0],
			"to": [6.9, 23, 16],
			"rotation": {"angle": 0, "axis": "y", "origin": [7, 12, 4]},
			"faces": {
				"north": {"uv": [0, 0, 0, 5], "texture": "#2"},
				"east": {"uv": [0, 0, 16, 16], "texture": "#2"},
				"south": {"uv": [0, 0, 0, 5], "texture": "#2"},
				"west": {"uv": [0, 0, 16, 16], "texture": "#2"},
				"up": {"uv": [0, 4, 0, 0], "texture": "#2"},
				"down": {"uv": [0, 0, 0, 4], "texture": "#2"}
			}
		},
		{
			"from": [7, 0, 7],
			"to": [9, 10, 9],
			"rotation": {"angle": 0, "axis": "y", "origin": [7, 0, 7]},
			"faces": {
				"north": {"uv": [8, 0, 9, 5], "texture": "#1"},
				"east": {"uv": [8, 5, 9, 10], "texture": "#1"},
				"south": {"uv": [9, 0, 10, 5], "texture": "#1"},
				"west": {"uv": [9, 5, 10, 10], "texture": "#1"},
				"up": {"uv": [2.5, 11, 1.5, 10], "texture": "#1"},
				"down": {"uv": [11, 1.5, 10, 2.5], "texture": "#1"}
			}
		},
		{
			"from": [6.5, 7, 6.5],
			"to": [9.5, 8, 9.5],
			"rotation": {"angle": 0, "axis": "y", "origin": [7, 2, 7]},
			"faces": {
				"north": {"uv": [2.5, 10, 4, 10.5], "texture": "#1"},
				"east": {"uv": [10, 2.5, 11.5, 3], "texture": "#1"},
				"south": {"uv": [10, 3, 11.5, 3.5], "texture": "#1"},
				"west": {"uv": [10, 3.5, 11.5, 4], "texture": "#1"},
				"up": {"uv": [1.5, 11.5, 0, 10], "texture": "#1"},
				"down": {"uv": [11.5, 0, 10, 1.5], "texture": "#1"}
			}
		}
	],
	"gui_light": "front",
	"display": {
		"thirdperson_righthand": {
			"translation": [0, 5, 1.25]
		},
		"thirdperson_lefthand": {
			"translation": [0, 5, 1.25]
		},
		"firstperson_righthand": {
			"rotation": [-21.17, 9.84, 2],
			"translation": [1.5, 4.75, 0]
		},
		"firstperson_lefthand": {
			"rotation": [-21.17, 9.84, 2],
			"translation": [1.5, 4.75, 0]
		},
		"ground": {
			"translation": [0, 4.5, 0],
			"scale": [0.75, 0.75, 0.75]
		},
		"gui": {
			"translation": [0, 0.5, 0],
			"scale": [1.07, 1.07, 1.07]
		},
		"head": {
			"translation": [0, 15.25, 0]
		}
	},
	"groups": [
		{
			"name": "group",
			"origin": [7, 0, 7],
			"color": 0,
			"children": [
				{
					"name": "group",
					"origin": [4, 6, 8],
					"color": 0,
					"children": [0, 1, 2, 3]
				},
				4,
				5
			]
		}
	]
}