{
  "ambient.weather.rain": {
    "category": "weather",
    "sounds": [
      "ambient/weather/rain1",
      "ambient/weather/rain2",
      "ambient/weather/rain3",
	  "ambient/weather/rain4",
      "ambient/weather/rain5",
      "ambient/weather/rain6",
	  "ambient/weather/rain7",
      "ambient/weather/rain8"
    ]
  },
  "ambient.weather.thunder": {
    "category": "weather",
    "sounds": [
      "ambient/weather/thunder1",
      "ambient/weather/thunder2",
      "ambient/weather/thunder3",
	  "ambient/weather/thunder4"
    ]
  }
}