{
	"format_version": "1.8.0",
	"animations": {
		"walking": {
			"loop": true,
			"animation_length": 0.782,
			"bones": {
				"torso": {
					"rotation": {
						"0.0": {
							"vector": [2.5, 5, 0]
						},
						"0.3909": {
							"vector": [4.9977, -4.84886, -1.73415]
						},
						"0.7818": {
							"vector": [2.5, 5, 0]
						}
					},
					"position": {
						"0.0": {
							"vector": [0, -0.2, 0]
						},
						"0.1303": {
							"vector": [0, -2.2, -1]
						},
						"0.2606": {
							"vector": [0, 0.8, -0.5]
						},
						"0.3909": {
							"vector": [0, -0.2, 0]
						},
						"0.5212": {
							"vector": [0, -2.2, -1]
						},
						"0.6515": {
							"vector": [0, 0.8, -0.5]
						},
						"0.7818": {
							"vector": [0, -0.2, 0]
						}
					}
				},
				"head": {
					"position": {
						"0.0": {
							"vector": [0, -0.3, 0]
						},
						"0.1303": {
							"vector": [-0.13, -1.97, -1]
						},
						"0.2606": {
							"vector": [-0.07, 0.86, -0.5]
						},
						"0.3909": {
							"vector": [0, -0.3, 0]
						},
						"0.5212": {
							"vector": [0.2, -2, -1]
						},
						"0.6515": {
							"vector": [0.1, 0.85, -0.5]
						},
						"0.7818": {
							"vector": [0, -0.3, 0]
						}
					}
				},
				"right_arm": {
					"rotation": {
						"0.0": {
							"vector": [-39.89247, 3.21154, 3.83424]
						},
						"0.1954": {
							"vector": [0, 0, 2.5]
						},
						"0.3909": {
							"vector": [39.89247, -3.21154, 3.83424]
						},
						"0.7818": {
							"vector": [-39.89247, 3.21154, 3.83424]
						}
					},
					"position": {
						"0.0": {
							"vector": [0, 0, -0.5]
						},
						"0.1303": {
							"vector": [0, -2, -0.67]
						},
						"0.2606": {
							"vector": [0, 1, -0.09]
						},
						"0.3909": {
							"vector": [0, 0, 0.5]
						},
						"0.5212": {
							"vector": [0, -3, -0.33]
						},
						"0.6515": {
							"vector": [0, 0.5, -0.41]
						},
						"0.7818": {
							"vector": [0, 0, -0.5]
						}
					}
				},
				"left_arm": {
					"rotation": {
						"0.0": {
							"vector": [39.89247, 3.21154, -3.83424]
						},
						"0.3909": {
							"vector": [-39.89247, -3.21154, -3.83424]
						},
						"0.5863": {
							"vector": [0, 0, -2.5]
						},
						"0.7818": {
							"vector": [39.89247, 3.21154, -3.83424]
						}
					},
					"position": {
						"0.0": {
							"vector": [0, 0, 0.5]
						},
						"0.1303": {
							"vector": [0, -2, -0.33]
						},
						"0.2606": {
							"vector": [0, 1, -0.41]
						},
						"0.3909": {
							"vector": [0, 0, -0.5]
						},
						"0.5212": {
							"vector": [0, -3, -0.67]
						},
						"0.6515": {
							"vector": [0, 0.5, -0.08]
						},
						"0.7818": {
							"vector": [0, 0, 0.5]
						}
					}
				},
				"left_leg": {
					"rotation": {
						"0.0": {
							"vector": [-22.5, 0, 0]
						},
						"0.1954": {
							"vector": [0, 0, 0]
						},
						"0.3909": {
							"vector": [40, 0, 0]
						},
						"0.5863": {
							"vector": [9.86134, 1.00808, -2.5887]
						},
						"0.7818": {
							"vector": [-22.5, 0, 0]
						}
					},
					"position": {
						"0.0": {
							"vector": [0.3, 0, -0.8]
						},
						"0.1954": {
							"vector": [0.2, 0, 0]
						},
						"0.3909": {
							"vector": [0.3, 0, 1.5]
						},
						"0.5863": {
							"vector": [0.2, 2, -3.12]
						},
						"0.7818": {
							"vector": [0.3, 0, -0.8]
						}
					}
				},
				"right_leg": {
					"rotation": {
						"0.0": {
							"vector": [40, 0, 0]
						},
						"0.1954": {
							"vector": [10, 0, 0]
						},
						"0.3909": {
							"vector": [-27.5, 0, 0]
						},
						"0.7818": {
							"vector": [40, 0, 0]
						}
					},
					"position": {
						"0.0": {
							"vector": [0, 0, 1.6]
						},
						"0.1954": {
							"vector": [0, 2, -3.4]
						},
						"0.3909": {
							"vector": [0, 0, -0.8]
						},
						"0.7818": {
							"vector": [0, 0, 1.6]
						}
					}
				}
			}
		}
	},
	"geckolib_format_version": 2
}